Deal ID,Deal ID,X,Y,Current size under contract (ha),Deal ID,Negotiation status,year,Operating company: Classification,,,,Buffer,km2,r,n
700,700,-38.95244,-68.06414,15000,700,2004#current#Concluded (Contract signed),2004,Private company,,,Superficies menor al 25th percentile,717,"7,17","1,51",65
701,701,-26.63086,-54.11316,4000,701,2007#current#Concluded (Contract signed),2007,Private company,,,Superficies mayores al 25th percentile,1562,"15,62","2,23",211
703,703,-27.9505,-61.99565,595,703,2005#current#Concluded (Contract signed),2005,Private company,,,,,,,276
704,704,-27.94937,-61.84749,4000,704,2012#current#Concluded (Contract signed),2012,Private company,,,,,,,
1055,1055,-47.75156,-65.90138,100911,1055,2007#current#Concluded (Contract signed),2007,Private company,,,,,,,
1058,1058,-35.64049,-64.21242,8360,1058,2003#current#Concluded (Contract signed),2003,Private company,,,,,,,
1059,1059,-32.2765,-58.62992,3584,1059,2005#current#Concluded (Contract signed),2005,Stock-exchange listed company,,,,,,,
1060,1060,-24.74683,-63.69842,130000,1060,2000##Concluded (Contract signed)|2003##Concluded (Change of ownership)|2005##Concluded (Change of ownership)|2008#current#Concluded (Contract signed),2000,Private company,,,,,,,
1061,1061,-34.61469,-59.0781,1058,1061,2014#current#Concluded (Contract signed),2014,Private company,,,,,,,
3160,3160,-43.68462,-69.27455,10000,3160,2010#current#Concluded (Contract signed),2010,Private company,,,,,,,
4130,4130,-24.88126,-63.80646,87000,4130,2000##Concluded (Contract signed)|2003##Concluded (Change of ownership)|2017##Concluded (Change of ownership)|2000#current#Concluded (Contract signed),2000,Private company,,,,,,,
4460,4460,-25.18333,-64.0668,67221,4460,2001#current#Concluded (Contract signed),2001,Private company,,,,,,,
4478,4478,-24.35158,-63.22351,14555,4478,2011#current#Concluded (Contract signed),2011,Private company,,,,,,,
4492,4492,-23.21487,-63.56752,7407,4492,2007#current#Concluded (Contract signed),2007,Private company,,,,,,,
4537,4537,-28,-58.56667,32579,4537,2009##Concluded (Contract signed)|2023#current#Concluded (Change of ownership),2009,Private company,,,,,,,
4539,4539,-28.39107,-57.89393,55469,4539,2009##Concluded (Contract signed)|2023#current#Concluded (Change of ownership),2009,Private company,,,,,,,
4558,4558,-22.93423,-63.85981,10260,4558,2007#current#Concluded (Contract signed),2007,Private company,,,,,,,
4567,4567,-22.51676,-63.80561,23000,4567,2004#current#Concluded (Contract signed),2004,Private company,,,,,,,
4719,4719,-39.08673,-66.52233,20000,4719,2013#current#Concluded (Contract signed),2013,Private company,,,,,,,
4974,4974,-25.1133,-64.04301,10000,4974,2004#current#Concluded (Contract signed),2004,Private company,,,,,,,
4975,4975,-25.0686,-63.60428,11900,4975,2006#current#Concluded (Contract signed),2006,Private company,,,,,,,
4981,4981,-39.16443,-66.14575,1170,4981,2009#current#Concluded (Contract signed),2009,Private company,,,,,,,
5080,5080,-40.82614,-63.02663,19729,5080,2009#current#Concluded (Contract signed),2009,Private company,,,,,,,
5145,5145,-24.94433,-64.17398,3168,5145,2001#current#Concluded (Contract signed),2001,Private company,,,,,,,
5146,5146,-25.02771,-63.44991,36000,5146,2001#current#Concluded (Contract signed),2001,Private company,,,,,,,
5148,5148,-24.42028,-63.51163,9094,5148,2002#current#Concluded (Contract signed),2002,Private company,,,,,,,
5149,5149,-24.51893,-64.07978,1927,5149,2002#current#Concluded (Contract signed),2002,Private company,,,,,,,
5150,5150,-24.15161,-63.94232,2927,5150,2004#current#Concluded (Contract signed),2004,Private company,,,,,,,
5151,5151,-24.97621,-64.13697,300,5151,2011#current#Concluded (Contract signed),2011,Private company,,,,,,,
5153,5153,-25.11728,-64.12473,4533,5153,2006#current#Concluded (Contract signed),2006,Private company,,,,,,,
5154,5154,-23.95821,-63.94131,5158,5154,2010#current#Concluded (Contract signed),2010,Private company,,,,,,,
5155,5155,-23.39422,-64.42574,1700,5155,2002#current#Concluded (Contract signed),2002,Private company,,,,,,,
5156,5156,-24.22793,-63.87638,2027,5156,2004##Concluded (Contract signed)|2021##Concluded (Change of ownership)|2021#current#Concluded (Contract signed),2004,Private company,,,,,,,
5157,5157,-23.55778,-64.39722,1784,5157,2009#current#Concluded (Contract signed),2009,Private company,,,,,,,
5159,5159,-24.18611,-62.88422,7143,5159,2008#current#Concluded (Contract signed),2008,Private company,,,,,,,
5161,5161,-23.74484,-63.78032,124350,5161,2005-03-17#current#Concluded (Contract signed),2005,Private company,,,,,,,
5162,5162,-26.11206,-65.27687,2258,5162,2000#current#Concluded (Contract signed),2000,Private company,,,,,,,
5163,5163,-23.32371,-64.22454,441,5163,2010#current#Concluded (Contract signed),2010,Private company,,,,,,,
5164,5164,-23.32371,-64.22454,350,5164,2015#current#Concluded (Contract signed),2015,Private company,,,,,,,
5307,5307,-23.97806,-64.30503,10000,5307,2006#current#Concluded (Contract signed),2006,Private company,,,,,,,
5308,5308,-23.87209,-64.16355,17800,5308,2013#current#Concluded (Contract signed),2013,Private company,,,,,,,
5309,5309,-24.1899,-64.04768,3183,5309,2005#current#Concluded (Contract signed),2005,Private company,,,,,,,
5310,5310,-24.20823,-64.04581,2813,5310,2005#current#Concluded (Contract signed),2005,Private company,,,,,,,
5312,5312,-22.94256,-63.85365,4053,5312,2006#current#Concluded (Contract signed),2006,Private company,,,,,,,
5313,5313,-22.51676,-63.80561,6517,5313,2011#current#Concluded (Contract signed),2011,Private company,,,,,,,
5314,5314,-25.49927,-63.53393,5220,5314,2007#current#Concluded (Contract signed),2007,Private company,,,,,,,
5315,5315,-24.18611,-62.88422,3730,5315,2005#current#Concluded (Contract signed),2005,Private company,,,,,,,
5317,5317,-25.43935,-64.85473,3040,5317,2007#current#Concluded (Contract signed),2007,Private company,,,,,,,
5318,5318,-23.45448,-64.41011,1124,5318,2000#current#Concluded (Contract signed),2000,Private company,,,,,,,
5320,5320,-23.21202,-63.56715,10707,5320,2004#current#Concluded (Contract signed),2004,Private company,,,,,,,
5321,5321,-23.24877,-63.34039,5300,5321,2001#current#Concluded (Contract signed),2001,Private company,,,,,,,
5328,5328,-24.22841,-63.98832,24500,5328,2008#current#Concluded (Contract signed),2008,Private company,,,,,,,
5332,5332,-25.81706,-65.06227,4000,5332,2010#current#Concluded (Contract signed),2010,Private company,,,,,,,
5333,5333,-22.51676,-63.80561,1539,5333,2007#current#Concluded (Contract signed),2007,Private company,,,,,,,
5334,5334,-25.24025,-64.03856,5040,5334,2008#current#Concluded (Contract signed),2008,Private company,,,,,,,
5335,5335,-25.11728,-64.12473,14096,5335,2010#current#Concluded (Contract signed),2010,Private company,,,,,,,
5336,5336,-25.49927,-63.53393,25456,5336,2010#current#Concluded (Contract signed),2010,Private company,,,,,,,
5337,5337,-25.33502,-64.0203,1122,5337,2005#current#Concluded (Contract signed),2005,Private company,,,,,,,
5529,5529,-25.9833,-58.1833,24800,5529,2003#current#Concluded (Contract signed),2003,Private company,,,,,,,
5612,5612,-25.11728,-64.12473,5460,5612,2003#current#Concluded (Contract signed),2003,Private company,,,,,,,
5655,5655,-24.57679,-63.92596,6410,5655,2016#current#Concluded (Contract signed),2016,Individual entrepreneur,,,,,,,
5656,5656,-25.11737,-64.28319,1224,5656,2005#current#Concluded (Contract signed),2005,Private company,,,,,,,
5657,5657,-25.27849,-63.95701,11993,5657,2000#current#Concluded (Contract signed),2000,Private company,,,,,,,
5658,5658,-25.34054,-64.79829,6065,5658,2005#current#Concluded (Contract signed),2005,Private company,,,,,,,
5673,5673,-25.03636,-63.90983,527,5673,2012#current#Concluded (Contract signed),2012,Private company,,,,,,,
5674,5674,-24.48742,-63.65001,5812,5674,2002#current#Concluded (Contract signed),2002,Private company,,,,,,,
5675,5675,-24.51321,-63.86289,2266,5675,2007#current#Concluded (Contract signed),2007,Private company,,,,,,,
5676,5676,-24.29888,-63.8302,9201,5676,2004#current#Concluded (Contract signed),2004,Private company,,,,,,,
5677,5677,-24.52072,-63.69563,18768,5677,2006#current#Concluded (Contract signed),2006,Private company,,,,,,,
5678,5678,-24.85363,-64.17949,6851,5678,2005#current#Concluded (Contract signed),2005,Private company,,,,,,,
5679,5679,-25.31496,-64.91015,411,5679,2015#current#Concluded (Contract signed),2015,Private company,,,,,,,
5681,5681,-22.5961,-63.81159,799,5681,2010#current#Concluded (Contract signed),2010,Private company,,,,,,,
5682,5682,-22.93417,-63.85888,8933,5682,2007#current#Concluded (Contract signed),2007,Private company,,,,,,,
5683,5683,-22.93417,-63.85888,3806,5683,2001#current#Concluded (Contract signed),2001,Private company,,,,,,,
5684,5684,-22.21197,-63.5987,16962,5684,2010#current#Concluded (Contract signed),2010,Private company,,,,,,,
5685,5685,-22.38333,-63.8,2508,5685,2011#current#Concluded (Contract signed),2011,Private company,,,,,,,
5686,5686,-23.21202,-63.56715,6517,5686,2004#current#Concluded (Contract signed),2004,Private company,,,,,,,
5687,5687,-22.5961,-63.81159,3944,5687,2008#current#Concluded (Contract signed),2008,Private company,,,,,,,
5688,5688,-22.28016,-63.62557,903,5688,2016##Concluded (Contract signed)|2022##Concluded (Change of ownership)|2022#current#Concluded (Contract signed),2016,Private company,,,,,,,
5690,5690,-22.39781,-63.47728,4017,5690,2014#current#Concluded (Contract signed),2014,Private company,,,,,,,
5691,5691,-22.76045,-63.54661,3990,5691,2000#current#Concluded (Contract signed),2000,Private company,,,,,,,
5692,5692,-22.83955,-63.672,2847,5692,2016#current#Concluded (Contract signed),2016,Private company,,,,,,,
5693,5693,-22.93417,-63.85888,16584,5693,2010#current#Concluded (Contract signed),2010,Private company,,,,,,,
5694,5694,-22.85234,-63.58031,6685,5694,2016#current#Concluded (Contract signed),2016,Private company,,,,,,,
5695,5695,-22.5961,-63.81159,970,5695,2003#current#Concluded (Contract signed),2003,Private company,,,,,,,
5745,5745,-23.90836,-64.06213,3119,5745,2009#current#Concluded (Contract signed),2009,Private company,,,,,,,
5746,5746,-22.73612,-64.35427,1928,5746,2008#current#Concluded (Contract signed),2008,Private company,,,,,,,
5747,5747,-23.46876,-62.88759,3378,5747,2006#current#Concluded (Contract signed),2006,Individual entrepreneur,,,,,,,
5748,5748,-24.11667,-62.46667,21338,5748,2007#current#Concluded (Contract signed),2007,Individual entrepreneur,,,,,,,
5749,5749,-23.37425,-64.33057,1689,5749,2007#current#Concluded (Contract signed),2007,Private company,,,,,,,
5750,5750,-24.11667,-62.46667,2899,5750,2007#current#Concluded (Contract signed),2007,Private company,,,,,,,
5751,5751,-24.7812,-63.19312,235921,5751,2002#current#Concluded (Contract signed),2002,Private company,,,,,,,
5752,5752,-23.46876,-62.88759,3553,5752,2008#current#Concluded (Contract signed),2008,Private company,,,,,,,
5753,5753,-23.46876,-62.88759,486,5753,2012#current#Concluded (Contract signed),2012,Private company,,,,,,,
5756,5756,-23.57429,-64.10957,1794,5756,2000#current#Concluded (Contract signed),2000,Private company,,,,,,,
5757,5757,-22.88455,-63.24455,6254,5757,2007#current#Concluded (Contract signed),2007,Private company,,,,,,,
5758,5758,-24.26667,-62.73333,4973,5758,2006#current#Concluded (Contract signed),2006,Private company,,,,,,,
5759,5759,-23.57429,-64.10957,300,5759,2004#current#Concluded (Contract signed),2004,Private company,,,,,,,
5760,5760,-23.90836,-64.06213,3769,5760,2003#current#Concluded (Contract signed),2003,Private company,,,,,,,
5761,5761,-23.90836,-64.06213,3983,5761,2011#current#Concluded (Contract signed),2011,Private company,,,,,,,
5762,5762,-23.90836,-64.06213,1165,5762,2007#current#Concluded (Contract signed),2007,Private company,,,,,,,
5763,5763,-23.90836,-64.06213,4599,5763,2007#current#Concluded (Contract signed),2007,Private company,,,,,,,
5764,5764,-23.23254,-63.05737,15180,5764,2006#current#Concluded (Contract signed),2006,Private company,,,,,,,
5765,5765,-23.8202,-64.06163,1652,5765,2002#current#Concluded (Contract signed),2002,Private company,,,,,,,
5766,5766,-23.95,-63.3,4216,5766,2014#current#Concluded (Contract signed),2014,Private company,,,,,,,
5767,5767,-23.23254,-63.05737,10624,5767,2015#current#Concluded (Contract signed),2015,Private company,,,,,,,
5768,5768,-23.90836,-64.06213,28188,5768,2005#current#Concluded (Contract signed),2005,Private company,,,,,,,
5769,5769,-23.37164,-63.0961,3306,5769,2014#current#Concluded (Contract signed),2014,Private company,,,,,,,
5771,5771,-23.90836,-64.06213,7414,5771,2005#current#Concluded (Contract signed),2005,Private company,,,,,,,
5772,5772,-24.2,-62.73333,2072,5772,2007#current#Concluded (Contract signed),2007,Private company,,,,,,,
5773,5773,-23.57429,-64.10957,699,5773,2005#current#Concluded (Contract signed),2005,Private company,,,,,,,
5774,5774,-23.23254,-63.05737,1824,5774,2016#current#Concluded (Contract signed),2016,Private company,,,,,,,
5775,5775,-25.46916,-64.93557,2013,5775,2007#current#Concluded (Contract signed),2007,Private company,,,,,,,
5776,5776,-23.12838,-64.3217,4191,5776,2004#current#Concluded (Contract signed),2004,Private company,,,,,,,
5777,5777,-25.33502,-64.0203,2343,5777,2013#current#Concluded (Contract signed),2013,Private company,,,,,,,
5778,5778,-25.40911,-64.05944,1769,5778,2008#current#Concluded (Contract signed),2008,Private company,,,,,,,
5779,5779,-25.11052,-64.27571,1234,5779,2010#current#Concluded (Contract signed),2010,Private company,,,,,,,
5780,5780,-25.170917,-64.298431,6073,5780,2003#current#Concluded (Contract signed),2003,Private company,,,,,,,
5781,5781,-25.49422,-64.97213,206,5781,2006#current#Concluded (Contract signed),2006,Private company,,,,,,,
5782,5782,-25.49422,-64.97213,2228,5782,2006#current#Concluded (Contract signed),2006,Private company,,,,,,,
5783,5783,-25.33502,-64.0203,1311,5783,2011#current#Concluded (Contract signed),2011,Private company,,,,,,,
5785,5785,-25.33502,-64.0203,2545,5785,2007#current#Concluded (Contract signed),2007,Private company,,,,,,,
5786,5786,-25.333772,-64.579215,2200,5786,2008#current#Concluded (Contract signed),2008,Private company,,,,,,,
5787,5787,-25.758252,-64.333064,2210,5787,2007#current#Concluded (Contract signed),2007,Private company,,,,,,,
5789,5789,-25.79865,-64.96765,759,5789,2007#current#Concluded (Contract signed),2007,Private company,,,,,,,
5790,5790,-25.33502,-64.0203,1257,5790,2011#current#Concluded (Contract signed),2011,Private company,,,,,,,
5791,5791,-23.038663,-64.346664,3817,5791,2004##Concluded (Contract signed)|2022##Concluded (Change of ownership)|2022#current#Concluded (Contract signed),2004,Private company,,,,,,,
5792,5792,-23.43188,-64.35333,299,5792,2005#current#Concluded (Contract signed),2005,Private company,,,,,,,
5793,5793,-23.470338,-64.375978,725,5793,2009#current#Concluded (Contract signed),2009,Private company,,,,,,,
5794,5794,-23.416249,-64.323416,502,5794,2007#current#Concluded (Contract signed),2007,Private company,,,,,,,
5795,5795,-23.476159,-64.38106,207,5795,2001#current#Concluded (Contract signed),2001,Private company,,,,,,,
5796,5796,-23.32371,-64.22454,3177,5796,2000#current#Concluded (Contract signed),2000,Private company,,,,,,,
5797,5797,-24.18611,-62.88422,8321,5797,2013#current#Concluded (Contract signed),2013,Private company,,,,,,,
5801,5801,-25.45943,-63.77922,8788,5801,2007#current#Concluded (Contract signed),2007,Private company,,,,,,,
5802,5802,-25.45943,-63.77922,45673,5802,2011#current#Concluded (Contract signed),2011,Private company,,,,,,,
5803,5803,-23.37164,-63.0961,2385,5803,2011#current#Concluded (Contract signed),2011,Private company,,,,,,,
5804,5804,-24.18611,-62.88422,2487,5804,2005#current#Concluded (Contract signed),2005,Private company,,,,,,,
5805,5805,-24.18611,-62.88422,1656,5805,2007#current#Concluded (Contract signed),2007,Private company,,,,,,,
6851,6851,-25.98489,-61.74497,2322,6851,2018-12-17#current#Concluded (Contract signed),2018,Individual entrepreneur,,,,,,,
6855,6855,-38.95168,-68.05919,80000,6855,2013#current#Concluded (Contract signed),2013,Individual entrepreneur,,,,,,,
6886,6886,-33.00778,-58.51117,5000,6886,2011-12-28#current#Concluded (Contract signed),2011,Individual entrepreneur,,,,,,,
6892,6892,-27.74514,-55.89837,6800,6892,2015-05-27#current#Concluded (Contract signed),2015,Individual entrepreneur,,,,,,,
6939,6939,-26.05099,-61.16347,404,6939,2006#current#Concluded (Contract signed),2006,Private company,,,,,,,
6960,6960,-29.45381,-61.93888,732,6960,2009-09-10#current#Concluded (Contract signed),2009,Individual entrepreneur,,,,,,,
6961,6961,-29.03969,-61.60428,883,6961,2001-07-17#current#Concluded (Contract signed),2001,Individual entrepreneur,,,,,,,
6977,6977,-29.06889,-61.48728,798,6977,2013-08-12#current#Concluded (Contract signed),2013,Individual entrepreneur,,,,,,,
6978,6978,-29.02642,-61.51894,948,6978,2014-01-20#current#Concluded (Contract signed),2014,Individual entrepreneur,,,,,,,
6979,6979,-29.07216,-61.56938,585,6979,2010-02-09#current#Concluded (Contract signed),2010,Individual entrepreneur,,,,,,,
6992,6992,-26.14513,-63.57078,3008,6992,2007-12-20#current#Concluded (Contract signed),2007,Individual entrepreneur,,,,,,,
6994,6994,-26.83816,-63.26821,6000,6994,2008-04#current#Concluded (Contract signed),2008,Individual entrepreneur,,,,,,,
7003,7003,-48.79903,-69.50875,43027,7003,2002#current#Concluded (Contract signed),2002,Private company,,,,,,,
7172,7172,-27.29776,-54.2012,350,7172,2009#current#Concluded (Contract signed),2009,Individual entrepreneur,,,,,,,
7173,7173,-32.99806,-68.87261,674,7173,2011#current#Concluded (Contract signed),2011,Private company,,,,,,,
7219,7219,-22.44073,-66.16755,418,7219,2003#current#Concluded (Contract signed),2003,Private company,,,,,,,
7237,7237,-22.44073,-66.16755,3551,7237,2008#current#Concluded (Contract signed),2008,Private company,,,,,,,
7238,7238,-22.74503,-65.89623,1955,7238,2002#current#Concluded (Contract signed),2002,State-/government (owned) company,,,,,,,
,7238,-23.85772,-65.46759,,,,,,,,,,,,
7239,7239,-23.41667,-66.48333,2771,7239,2002#current#Concluded (Contract signed),2002,Private company,,,,,,,
,7239,-23.85772,-65.46759,,,,,,,,,,,,
7240,7240,-22.74503,-65.89623,586,7240,2005#current#Concluded (Contract signed),2005,Private company,,,,,,,
,7240,-22.44073,-66.16755,,,,,,,,,,,,
7241,7241,-22.44073,-66.16755,3609,7241,2006#current#Concluded (Contract signed),2006,Other,,,,,,,
7243,7243,-23.85772,-65.46759,200,7243,2007#current#Concluded (Contract signed),2007,Private company,,,,,,,
7252,7252,-24.66726,-65.05006,18100,7252,2000#current#Concluded (Contract signed),2000,Private company,,,,,,,
7253,7253,-24.66726,-65.05006,182700,7253,2005#current#Concluded (Contract signed),2005,Private company,,,,,,,
7257,7257,-24.66726,-65.05006,600,7257,2016#current#Concluded (Contract signed),2016,Private company,,,,,,,
7259,7259,-24.652296,-65.102045,1227,7259,2018#current#Concluded (Contract signed),2018,Private company,,,,,,,
7260,7260,-24.66726,-65.05006,705,7260,2004#current#Concluded (Contract signed),2004,Private company,,,,,,,
7261,7261,-24.66726,-65.05006,3759,7261,2003#current#Concluded (Contract signed),2003,Private company,,,,,,,
7262,7262,-24.66726,-65.05006,2621,7262,2001#current#Concluded (Contract signed),2001,Individual entrepreneur,,,,,,,
7265,7265,-24.66726,-65.05006,277,7265,2011#current#Concluded (Contract signed),2011,Private company,,,,,,,
7266,7266,-24.66726,-65.05006,217,7266,2009#current#Concluded (Contract signed),2009,Private company,,,,,,,
7267,7267,-24.66726,-65.05006,263,7267,2010#current#Concluded (Contract signed),2010,Individual entrepreneur,,,,,,,
7268,7268,-24.622455,-64.830478,2340,7268,2005#current#Concluded (Contract signed),2005,Individual entrepreneur,,,,,,,
7270,7270,-24.66726,-65.05006,4581,7270,2019#current#Concluded (Contract signed),2019,Private company,,,,,,,
7271,7271,-24.66726,-65.05006,1394,7271,2005#current#Concluded (Contract signed),2005,Individual entrepreneur,,,,,,,
7273,7273,-24.66726,-65.05006,300,7273,2014#current#Concluded (Contract signed),2014,Private company,,,,,,,
7274,7274,-24.66726,-65.05006,6341,7274,2001#current#Concluded (Contract signed),2001,Private company,,,,,,,
7280,7280,-25.012786,-65.050905,6200,7280,2008#current#Concluded (Contract signed),2008,Private company,,,,,,,
7281,7281,-24.66726,-65.05006,22500,7281,2007#current#Concluded (Contract signed),2007,Private company,,,,,,,
7282,7282,-24.51643,-64.789985,444,7282,2012#current#Concluded (Contract signed),2012,Private company,,,,,,,
7283,7283,-24.66726,-65.05006,1009,7283,2004#current#Concluded (Contract signed),2004,Private company,,,,,,,
8400,8400,-38.34664,-62.30992,7523,8400,2017#current#Concluded (Contract signed),2017,,,,,,,,
8489,8489,-37.39751,-59.22223,529,8489,2017-12-13#current#Concluded (Contract signed),2017,Private company,,,,,,,
8491,8491,-28.49461,-63.81629,5860,8491,2009#current#Concluded (Contract signed),2009,Private company,,,,,,,
8497,8497,-26.95835,-65.35028,750,8497,2018-12-01#current#Concluded (Contract signed),2018,Private company,,,,,,,
8504,8504,-30.41101,-69.22376,5000,8504,2020#current#Concluded (Contract signed),2020,Private company,,,,,,,
8731,8731,-27.52713,-68.62869,34967,8731,2016#current#Concluded (Contract signed)|2022##Concluded (Contract signed),2016,Private company,,,,,,,
8739,8739,-31.14899,-65.48401,16845,8739,2020-12-17#current#Concluded (Contract signed),2020,Government institution,,,,,,,
8776,8776,-25.42417,-67.09389,32121,8776,2019##Concluded (Contract signed)|2024#current#Concluded (Contract signed),2019,Private company,,,,,,,
8777,,,,,,,,,,,,,,,
8780,8780,-31.56003,-68.73119,270,8780,2017#current#Concluded (Contract signed),2017,Private company,,,,,,,
8829,8829,-50.3025,-70.91694,1150000,8829,2015#current#Concluded (Contract signed),2015,Stock-exchange listed company,,,,,,,
,8829,-50.78996,-70.77673,,,,,,,,,,,,
,8829,-51.45632,-69.15396,,,,,,,,,,,,
,8829,-50.95417,-70.93167,,,,,,,,,,,,
8830,8830,-45.00052,-67.83204,2843700,8830,2021-07-01#current#Concluded (Contract signed),2021,Stock-exchange listed company,,,,,,,
,8830,-33.32943,-68.73338,,,,,,,,,,,,
8843,8843,-25.24528,-66.76778,10418,8843,2011##Concluded (Contract signed)|2017##Concluded (Contract signed)|2022#current#Concluded (Contract signed),2011,Private company,,,,,,,
8856,8856,-33.77213,-69.04043,8790,8856,2011#current#Concluded (Contract signed),2011,Private company,,,,,,,
8858,8858,-33.77213,-69.04043,10000,8858,2006#current#Concluded (Contract signed),2006,Private company,,,,,,,
8965,8965,-50.4833,-71.3167,13600,8965,2006##Concluded (Contract signed)|2020#current#Concluded (Change of ownership),2006,Private company,,,,,,,
9409,9409,-24.16555,-66.94456,4429,9409,2017#current#Concluded (Contract signed),2017,Private company,,,,,,,
9413,9413,-24.41714,-67.39289,22412,9413,2018#current#Concluded (Contract signed),2018,Private company,,,,,,,
9415,9415,-42.62397,-65.27925,24834,9415,#current#Concluded (Contract signed),#cur,Stock-exchange listed company,,,,,,,
,9415,-42.72659,-65.38585,,,,,,,,,,,,
,9415,-42.65018,-65.14835,,,,,,,,,,,,
9416,,,,,,,,,,,,,,,
9417,,,,,,,,,,,,,,,
9418,9418,-37.71407,-59.02169,1464,9418,2020-04-15#current#Concluded (Contract signed),2020,Stock-exchange listed company,,,,,,,
9419,9419,-31.33504,-68.67186,1175,9419,2018-04-01#current#Concluded (Contract signed),2018,Stock-exchange listed company,,,,,,,
9420,9420,-25.09722,-68.15028,32586,9420,2019#current#Concluded (Contract signed),2019,Private company,,,,,,,
9421,9421,-25.297858,-66.955693,16906,9421,2018#current#Concluded (Contract signed),2018,Private company,,,,,,,
9422,,,,,,,,,,,,,,,
9430,9430,-25.272713,-66.818791,8079,9430,2016-11#current#Concluded (Contract signed),2016,Private company,,,,,,,
9437,9437,-24.65463,-66.89322,26270,9437,2022#current#Concluded (Contract signed),2022,Private company,,,,,,,
9440,9440,-24.774257,-67.738202,20535,9440,2021#current#Concluded (Contract signed),2021,Private company,,,,,,,
9442,9442,-23.40041,-66.36551,7000,9442,2021#current#Concluded (Contract signed),2021,Private company,,,,,,,
9443,9443,-23.59522,-65.88502,17064,9443,2020-12-14#current#Concluded (Contract signed),2020,Private company,,,,,,,
9446,9446,-31.34136,-66.5886,30000,9446,2019-07-04#current#Concluded (Contract signed),2019,Private company,,,,,,,
9487,9487,-24.17093,-67.58825,10857,9487,2020-02-19##Concluded (Change of ownership)|2021##Concluded (Change of ownership)|2024-01-04##Concluded (Change of ownership)|2024-10-09#current#Concluded (Change of ownership),2020,,,,,,,,
9489,9489,-23.48603,-66.70647,12080,9489,#current#Concluded (Contract signed),#cur,Private company,,,,,,,
9490,9490,-25.24568,-67.49039,5378,9490,2012#current#Concluded (Contract signed),2012,Private company,,,,,,,
9513,9513,-32.12506,-68.71549,920,9513,2022#current#Concluded (Contract signed),2022,Other,,,,,,,
9514,9514,-27.91415,-55.75493,782,9514,2021-06-27#current#Concluded (Contract signed),2021,Private company,,,,,,,
,9514,-27.98062,-55.52173,,,,,,,,,,,,
9519,9519,-27.2752,-63.51282,30000,9519,2022-06-30#current#Concluded (Contract signed),2022,Private company,,,,,,,
9552,9552,-25.71583,-67.71055,7569,9552,2022#current#Concluded (Contract signed)|2017##Concluded (Contract signed),2022,Private company,,,,,,,
9565,9565,-25.33059,-67.242,14984,9565,2011#current#Concluded (Contract signed),2011,Private company,,,,,,,
9568,9568,-26.40722,-67.67666,25583,9568,2017#current#Concluded (Contract signed),2017,Private company,,,,,,,
9569,9569,-24.0728,-67.21585,2374,9569,2021#current#Concluded (Contract signed),2021,Private company,,,,,,,
9570,9570,-25.51699,-67.61834,10653,9570,2020-02-19#current#Concluded (Contract signed),2020,,,,,,,,
9574,9574,-25.45094,-66.97011,3062,9574,#current#Concluded (Contract signed),#cur,Private company,,,,,,,
9575,9575,-28.91618,-65.5362,8386,9575,2021-10-26#current#Concluded (Contract signed),2021,Private company,,,,,,,
9590,9590,-25.65927,-67.51979,86192,9590,2022#current#Concluded (Change of ownership),2022,Private company,,,,,,,
9591,9591,-28.14429,-66.37913,31114,9591,2017##Concluded (Contract signed)|2022#current#Concluded (Change of ownership),2017,Private company,,,,,,,
9596,9596,-25.91607,-67.65098,53300,9596,2016#current#Concluded (Contract signed),2016,Private company,,,,,,,
9605,9605,-25.84445,-68.18966,24708,9605,2018#current#Concluded (Contract signed),2018,Private company,,,,,,,
9611,9611,-26.29682,-66.80512,20978,9611,2018#current#Concluded (Contract signed),2018,Private company,,,,,,,
9612,9612,-26.76749,-67.30947,11650,9612,2018-08-30##Concluded (Contract signed)|2020#current#Concluded (Contract signed),2018,Private company,,,,,,,
9613,9613,-25.30129,-66.67073,717,9613,2010#current#Concluded (Contract signed),2010,Private company,,,,,,,
9614,9614,-25.29052,-66.65388,6347,9614,2019-02-26#current#Concluded (Contract signed),2019,Private company,,,,,,,
9664,9664,-28.44743,-65.48508,3052,9664,2017##Concluded (Contract signed)|2020#current#Concluded (Contract signed),2017,Private company,,,,,,,
9717,9717,-27.78335,-64.26416,13000,9717,2022#current#Concluded (Contract signed),2022,Private company,,,,,,,
9718,9718,-27.45265,-58.98123,2864,9718,2020#current#Concluded (Contract signed),2020,Private company,,,,,,,
10023,10023,-38.66972,-62.03822,1562,10023,2009-11-28#current#Concluded (Contract signed),2009,Private company,,,,,,,
10026,10026,-28.74224,-66.70834,7000,10026,2022-12-12#current#Concluded (Contract signed),2022,Private company,,,,,,,
10056,10056,-36.0006,-64.59845,1250,10056,2023#current#Concluded (Contract signed),2023,Stock-exchange listed company,,,,,,,
10232,10232,-47.29949,-66.99315,2455,10232,2017#current#Concluded (Contract signed),2017,Private company,,,,,,,
10306,10306,-43.34948,-65.1781,1500,10306,2010-04-15#current#Concluded (Contract signed),2010,Stock-exchange listed company,,,,,,,
10357,10357,-25.27922,-64.07694,2144,10357,2007#current#Concluded (Contract signed),2007,Private company,,,,,,,
10383,10383,-27.4812,-64.1458,800,10383,2003#current#Concluded (Contract signed),2003,Individual entrepreneur,,,,,,,
10401,10401,-29.3337,-63.8091,2000,10401,2002#current#Concluded (Contract signed),2002,Individual entrepreneur,,,,,,,
10475,10475,-24.139133,-66.896081,350,10475,2017#current#Concluded (Contract signed),2017,Private company,,,,,,,
10483,10483,-45.65134,-67.75389,2000,10483,2005-09-23#current#Concluded (Contract signed),2005,Semi state-owned company,,,,,,,
10551,10551,-38.88427,-66.01469,73769,10551,2007#current#Concluded (Contract signed),2007,Private company,,,,,,,
10644,10644,-23.937857,-63.75615,4892,10644,2023-09-13#current#Concluded (Contract signed),2023,Private company,,,,,,,
10853,10853,-22.927787,-64.359181,1320,10853,2022#current#Concluded (Contract signed),2022,Private company,,,,,,,
11059,11059,-24.07277,-67.21719,2395,11059,2022-03-16#current#Concluded (Contract signed),2022,Private company,,,,,,,
11145,11145,-23.50225,-64.51591,46947,11145,2021#current#Concluded (Contract signed),2021,Private company,,,,,,,
11149,11149,-28.12636,-56.15009,3336,11149,2022-06##Concluded (Oral Agreement)|2022-09#current#Concluded (Contract signed),2022,Private company,,,,,,,
11152,11152,-28.08278,-55.74904,987,11152,2004#current#Concluded (Contract signed),2004,Private company,,,,,,,
,11152,-27.64704,-56.47244,,,,,,,,,,,,
11309,11309,-26.0571,-67.934,4000,11309,2010#current#Concluded (Contract signed),2010,,,,,,,,
11326,11326,-27.675486,-68.148032,16310,11326,2023#current#Concluded (Contract signed),2023,State-/government (owned) company,,,,,,,
11330,11330,-25.752713,-67.495716,8427,11330,2022#current#Concluded (Contract signed),2022,State-/government (owned) company,,,,,,,
11331,11331,-26.950251,-67.029475,443,11331,2022#current#Concluded (Contract signed),2022,State-/government (owned) company,,,,,,,
11332,11332,-27.220173,-68.613667,3656,11332,2022#current#Concluded (Contract signed),2022,State-/government (owned) company,,,,,,,
11333,11333,-28.577699,-65.278629,430,11333,2022#current#Concluded (Contract signed),2022,State-/government (owned) company,,,,,,,
11334,11334,-28.249948,-65.500974,4005,11334,2023#current#Concluded (Contract signed),2023,State-/government (owned) company,,,,,,,
11336,11336,-26.63718,-68.089094,3028,11336,2023#current#Concluded (Contract signed),2023,State-/government (owned) company,,,,,,,
11337,11337,-25.63365,-67.23819,4024,11337,2023#current#Concluded (Contract signed),2023,State-/government (owned) company,,,,,,,
11338,11338,-25.681152,-66.773795,4213,11338,2022#current#Concluded (Contract signed),2022,State-/government (owned) company,,,,,,,
11356,11356,-28.321912,-56.119848,2531,11356,2023-04-21#current#Concluded (Contract signed),2023,Private company,,,,,,,
11380,11380,-23.72525,-66.81108,3980,11380,2024#current#Concluded (Contract signed),2024,Private company,,,,,,,
11385,11385,-23.03333,-66.4,1752,11385,2022#current#Concluded (Contract signed),2022,Private company,,,,,,,